id,name,capacity,location,expenses
1,Wilona Fyldes,651,40603 Graceland Place,13435
2,Ginnifer Derry,3,70 5th Road,48318
3,Erik Schimon,995,73 Goodland Court,8655
4,Maddi Gregore,336,76712 Killdeer Drive,97369
5,Thibaut Rides,420,3343 Lukken Drive,99167
6,Umeko Abelevitz,767,78035 Ridge Oak Pass,36013
7,Bert Rouge,294,1 Magdeline Parkway,7072
8,Kissee Ralling,297,0 Oak Court,24705
9,Esmeralda Deave,762,5463 South Plaza,69045
10,Shanna Moretto,848,55259 Forest Run Road,23794
11,Blondelle Danshin,149,14 Fieldstone Avenue,8460
12,Virginia Humby,842,6688 Oneill Crossing,4588
13,Gabe Dahlback,1000,765 Oxford Pass,8937
14,Minna Authers,807,01978 Meadow Ridge Place,14938
15,Odille L'Amie,264,5022 West Circle,9583
16,Sara McPhelimy,130,9 Bellgrove Hill,16449
17,Desmond Bolens,845,85 Maple Wood Junction,67114
18,Ricky Ricca,827,37918 Maple Plaza,68261
19,Alica Barles,101,2 Brickson Park Pass,59624
20,Wiatt Trownson,109,30523 Merrick Road,67815
21,Monti Braundt,351,7961 Mitchell Court,11447
22,Hans Whitley,4,51 Maple Wood Center,59235
23,Noak Coke,114,2 Emmet Drive,81229
24,Alistair Corrison,144,76595 Northport Court,41177
25,Olva Ferrea,702,8 Melvin Circle,57241
26,Verile Alekseicik,393,573 Golden Leaf Hill,30160
27,Shane Farrington,578,9 Lerdahl Point,59112
28,Freddie Wixey,949,6526 Scott Hill,69491
29,Babara Axby,907,3234 Bartillon Junction,35467
30,Regina Pettko,741,26 Dahle Point,3873
31,Shea Brunelli,331,27 Butternut Street,46758
32,Antonin Sumpter,490,244 Prairieview Hill,14167
33,Vito Dunkerley,677,829 Northfield Avenue,53858
34,Bary Scoles,71,7383 Pleasure Place,59364
35,Titos Faudrie,616,16 Forest Run Drive,40586
36,Felipa Lamden,361,898 Truax Place,38307
37,Gerri Edinburgh,62,886 Iowa Terrace,8189
38,Trstram Kyston,163,34324 Oak Valley Alley,16998
39,Vladamir Matitiaho,895,2 Lindbergh Alley,81736
40,Ky Bennen,867,58883 Vidon Road,52432
41,Kelley Blest,767,24650 3rd Crossing,98828
42,Melinde Player,75,58831 6th Street,13032
43,Jere Yarrington,593,727 Commercial Hill,33021
44,Gayleen Conen,533,2121 Hayes Road,65190
45,Catlaina Girone,299,9493 Towne Road,11436
46,Philip Camings,13,402 Anthes Lane,18039
47,Maynord Ybarra,458,171 Namekagon Court,45959
48,Miguela Hynd,34,323 Grayhawk Crossing,89914
49,Christian Farrall,274,53 Monica Junction,20783
50,Moises Dudderidge,448,15 Gerald Pass,19618
51,Andriana Tetla,620,435 Arizona Crossing,89377
52,Klara Rance,234,1022 Magdeline Hill,80166
53,Sasha Saffran,138,61 Harbort Circle,58034
54,Lawry Brook,90,45 Morrow Plaza,94662
55,Karlan Londors,266,49053 Tennyson Road,22922
56,Brendan Navarre,819,9982 Dovetail Center,42783
57,Dorian Rattery,977,3222 Shasta Avenue,88193
58,Davey Cloake,638,1 Melvin Alley,22012
59,Hal Crunden,570,655 John Wall Hill,17344
60,Mattie Softley,139,26095 Talisman Trail,49312
61,Fredek Baert,808,82801 La Follette Center,48977
62,Drona Puckinghorne,566,25 Garrison Trail,23999
63,Albina Mulrenan,230,6620 Steensland Junction,80019
64,Kain Radnedge,503,8 Dawn Trail,34774
65,Hernando Harriagn,687,51325 Rigney Plaza,45531
66,Nevins Jentges,569,0 Westport Place,90030
67,Ozzy Nelm,369,887 Prairieview Place,84273
68,Adeline Mowne,973,9673 Warrior Point,13092
69,Katrinka Edel,955,0 Quincy Lane,22839
70,Goober Leftley,417,9006 Melody Place,55691
71,Monah Letessier,926,071 Kings Crossing,91814
72,Lori Tassel,576,64395 Burrows Circle,69666
73,Pansy Antrag,969,8 Ramsey Trail,34745
74,Savina Dockree,259,53 Truax Avenue,25466
75,Marice Rusk,859,831 Mallard Alley,78228
76,Vevay Reckhouse,54,694 Monterey Crossing,87492
77,Bernie Cobson,63,1730 Beilfuss Point,58348
78,Hilary Iorizzi,322,99104 Esker Drive,45293
79,Dominga Darnody,93,0436 Hanover Road,48522
80,Irma Winger,579,5 Merrick Court,32250
81,Fernande Kernar,517,6880 Del Sol Junction,32486
82,Danette Nudd,169,660 Carpenter Lane,28596
83,Lela Goudman,987,392 Cody Park,46573
84,Willyt Spieck,699,09 Blackbird Center,12900
85,Lorianna MacIlhagga,816,7996 Memorial Plaza,53502
86,Gilbertina Servis,509,5 Lien Crossing,87509
87,Binky Filyukov,177,583 Northland Point,65613
88,Gregor Carik,777,9 Caliangt Parkway,55952
89,Harriot Spataro,549,501 Redwing Center,59079
90,Brock Rowney,465,69199 Fulton Center,9632
91,Georgetta Joiner,399,149 Heffernan Road,20306
92,Catlaina Bodd,724,92089 Katie Trail,20657
93,Hobie Newlands,169,572 Straubel Court,19030
94,Margarette Charville,342,4088 Raven Hill,65567
95,Daren Erington,417,7 Melvin Circle,18149
96,Judy Elix,974,65 Pankratz Point,20493
97,Marlena Bello,604,999 Monterey Street,98206
98,Andi Petters,742,0 Morning Place,35755
99,Katusha Gatheridge,618,37 Oakridge Point,21844
100,Marieann Curless,917,238 Michigan Avenue,56054
