id,name,type,location,phone_number,email,age,gender
1,Cordi Shead,1,38924,717-967-5020,cshead0@craigslist.org,31,M
2,Tilda Nealand,1,6,696-519-4353,tnealand1@ehow.com,30,M
3,Ragnar Maffia,0,328,551-508-8032,rmaffia2@last.fm,99,M
4,Aimee Spoward,0,9,276-214-3639,aspoward3@hubpages.com,35,M
5,Estelle Hallitt,1,15416,906-931-4977,ehallitt4@sakura.ne.jp,86,F
6,Karlen Bithany,0,6328,204-649-8546,kbithany5@reuters.com,92,F
7,Jaquith Jakoubec,0,24,946-446-8710,jjakoubec6@ustream.tv,67,F
8,Carolyn McIlory,0,56,329-767-2758,cmcilory7@amazon.co.jp,31,M
9,Willard Tarbet,0,37,254-840-4785,wtarbet8@surveymonkey.com,24,F
10,Galvan Middler,0,59462,401-674-4660,gmiddler9@360.cn,42,M
11,Claudell Doddridge,1,9,685-501-0604,cdoddridgea@si.edu,57,M
12,Zabrina O'Teague,0,49,738-510-6448,zoteagueb@goo.gl,14,M
13,Fernande Shervil,1,7805,703-712-2695,fshervilc@pen.io,57,F
14,Mozes Tongue,1,2,983-681-1242,mtongued@histats.com,25,F
15,Ash Pidgeley,1,4586,309-380-1915,apidgeleye@ed.gov,93,M
16,Gena Simone,0,278,961-277-9871,gsimonef@latimes.com,62,F
17,Kurtis Beinke,1,53949,978-700-2758,kbeinkeg@harvard.edu,68,M
18,Eugenie Wilcott,0,88309,246-450-8149,ewilcotth@stumbleupon.com,52,M
19,Cloris Fayerman,0,66676,633-109-0039,cfayermani@jiathis.com,56,M
20,Jodee Foskin,1,25073,982-930-0092,jfoskinj@amazon.co.uk,35,F
21,Cami Torrance,0,4,508-545-6269,ctorrancek@google.pl,47,F
22,Leeanne Masic,1,34410,671-389-6520,lmasicl@bizjournals.com,95,F
23,Tabbie Scopham,1,8351,786-729-5791,tscophamm@google.com.br,41,M
24,Kiley Gosnoll,0,742,837-184-1647,kgosnolln@weibo.com,43,M
25,Desdemona Boxhall,0,773,296-529-3989,dboxhallo@baidu.com,14,F
26,Lewes Boost,1,532,635-757-9343,lboostp@devhub.com,28,F
27,Francesca Haldane,0,43,133-919-9321,fhaldaneq@zimbio.com,47,F
28,Vicky Berthome,0,4,939-633-0445,vberthomer@hugedomains.com,71,F
29,Caroljean Shilstone,0,38683,149-907-9994,cshilstones@yahoo.co.jp,37,F
30,Teodorico Sawday,1,5,285-180-3124,tsawdayt@ycombinator.com,91,F
31,Berte Rockell,1,4306,835-516-4555,brockellu@wsj.com,20,M
32,Rosette Heinonen,0,418,893-127-8535,rheinonenv@wunderground.com,52,M
33,Mimi Groll,1,5249,534-401-2940,mgrollw@shutterfly.com,34,F
34,Aguie Paula,1,5068,413-246-4064,apaulax@macromedia.com,92,F
35,Catha Malzard,0,6,344-484-6101,cmalzardy@xinhuanet.com,74,F
36,Alf Turpey,0,379,564-509-5097,aturpeyz@gov.uk,85,F
37,Teddy Bourtoumieux,1,37894,899-630-4857,tbourtoumieux10@dedecms.com,63,M
38,Ferdy Geoghegan,0,895,894-985-1390,fgeoghegan11@skyrock.com,91,F
39,Birk Herion,0,48,720-567-3241,bherion12@weibo.com,66,F
40,Frankie Trayling,1,27748,644-962-7363,ftrayling13@opera.com,17,F
41,Verne Staziker,1,13441,305-218-0801,vstaziker14@globo.com,75,F
42,Agata Sinton,0,512,588-780-8829,asinton15@feedburner.com,80,F
43,Berny Licciardello,0,7026,334-935-6674,blicciardello16@unesco.org,20,F
44,Amity Macveigh,0,63,811-143-4585,amacveigh17@redcross.org,22,M
45,Giff Bromidge,1,776,191-825-7694,gbromidge18@cocolog-nifty.com,95,F
46,Marten Bortoloni,1,22,881-762-8007,mbortoloni19@godaddy.com,82,F
47,Giuditta Diegan,1,62049,341-335-2346,gdiegan1a@go.com,90,M
48,Diena Thornewill,1,0,960-618-9249,dthornewill1b@zimbio.com,81,M
49,Lovell O' Donohue,1,12313,447-961-2222,lo1c@example.com,81,F
50,Sax Helstrom,0,548,812-982-8957,shelstrom1d@wsj.com,62,M
51,Julienne Frugier,0,86,221-893-3466,jfrugier1e@tinyurl.com,74,M
52,Timothee Boarer,1,115,598-625-8604,tboarer1f@google.com.br,94,F
53,Hercules Wildey,0,61,815-497-9751,hwildey1g@statcounter.com,75,F
54,Antone Shoard,1,3,624-811-9022,ashoard1h@discuz.net,95,F
55,Nicol Worman,0,70571,525-116-2878,nworman1i@livejournal.com,77,M
56,Dionysus Berg,1,9476,568-900-3452,dberg1j@photobucket.com,98,M
57,Katharina Follows,1,68,841-563-2274,kfollows1k@quantcast.com,66,F
58,Tremain Strange,0,26,243-887-0067,tstrange1l@nhs.uk,74,F
59,Monte Bredgeland,0,10,181-531-0667,mbredgeland1m@latimes.com,89,F
60,Quinn Creaney,1,6,467-257-8896,qcreaney1n@time.com,63,M
61,Amandy Kneal,1,7146,157-696-1042,akneal1o@squidoo.com,75,F
62,Elnora Cronchey,1,4202,302-410-4822,ecronchey1p@canalblog.com,39,F
63,Dulci Ferencowicz,0,6548,770-630-0906,dferencowicz1q@hp.com,88,M
64,Morten Petticrow,0,906,241-799-7753,mpetticrow1r@patch.com,94,M
65,Cathy Summerlad,1,89700,223-742-0747,csummerlad1s@wufoo.com,94,M
66,Teodoor Goulter,0,81,845-319-2363,tgoulter1t@dedecms.com,84,F
67,Ailee Linnell,1,48,741-955-8865,alinnell1u@unesco.org,83,M
68,Lauree Jarley,0,8,614-830-4346,ljarley1v@netvibes.com,49,M
69,Rosalynd Russen,0,17,155-430-3978,rrussen1w@sogou.com,80,M
70,Berenice Pinwell,1,4696,665-587-4042,bpinwell1x@alibaba.com,91,F
71,Fenelia Chinn,0,9,326-139-9688,fchinn1y@slashdot.org,42,M
72,Mala Pettit,1,3628,341-529-9752,mpettit1z@e-recht24.de,100,M
73,Quintus Brannigan,0,61,845-483-7001,qbrannigan20@nps.gov,88,F
74,Fair Bloschke,1,7,747-368-0099,fbloschke21@delicious.com,17,F
75,Willard Simonutti,1,6,256-545-1457,wsimonutti22@nps.gov,75,M
76,Justine Reeves,0,469,258-544-9269,jreeves23@irs.gov,94,F
77,Casi Wrinch,0,4234,684-521-6185,cwrinch24@purevolume.com,66,M
78,Cymbre McFadden,1,0,995-211-6508,cmcfadden25@washington.edu,27,M
79,Hazel Bakhrushkin,1,3758,585-738-1475,hbakhrushkin26@yellowpages.com,32,F
80,Iona Luscott,0,256,159-411-2315,iluscott27@youku.com,70,M
81,Kellia Govier,0,5189,661-148-1133,kgovier28@creativecommons.org,86,M
82,Pansy Nottram,0,9964,262-649-8336,pnottram29@jimdo.com,55,F
83,Brewer Chatters,1,1304,377-283-8910,bchatters2a@nationalgeographic.com,27,F
84,Francis Hainge,1,3,633-156-1668,fhainge2b@t-online.de,34,M
85,Jenda Burchall,0,0,202-326-8694,jburchall2c@ihg.com,77,F
86,Barny McCracken,1,819,273-133-3565,bmccracken2d@accuweather.com,58,F
87,Maurie Rahill,0,17561,855-866-2857,mrahill2e@google.com.au,23,F
88,Isa Piddington,1,45,937-961-6515,ipiddington2f@google.com,24,M
89,Mae Perry,1,3551,450-973-0118,mperry2g@nbcnews.com,48,F
90,Holmes Fenich,0,16,380-515-0694,hfenich2h@macromedia.com,50,F
91,Eolanda Swiffen,0,66146,917-480-4537,eswiffen2i@addtoany.com,79,F
92,Lucienne Domb,1,33,285-392-8447,ldomb2j@sourceforge.net,77,M
93,Doreen Spurden,0,1194,238-735-2787,dspurden2k@tripadvisor.com,24,M
94,Danie Peddie,0,2787,398-158-2862,dpeddie2l@phoca.cz,87,F
95,Debee Dowd,1,8,217-324-3789,ddowd2m@psu.edu,39,M
96,Gallagher Victor,0,12480,921-250-7195,gvictor2n@amazon.de,44,M
97,Arney Wofenden,0,976,479-997-4700,awofenden2o@alibaba.com,51,M
98,Palmer Fattorini,0,65763,750-952-8463,pfattorini2p@privacy.gov.au,39,F
99,Ahmed Mohamed,0,2,385-981-1150,clowdes2q@examiner.com,32,M
100,Ahmed Hassan,0,19,722-657-0351,bgon2r@hao123.com,15,F
